-- phpMyAdmin SQL Dump
-- version 5.1.0
-- https://www.phpmyadmin.net/
--
-- Host: 127.0.0.1
-- Waktu pembuatan: 19 Agu 2021 pada 15.12
-- Versi server: 10.4.19-MariaDB
-- Versi PHP: 8.0.6

SET SQL_MODE = "NO_AUTO_VALUE_ON_ZERO";
START TRANSACTION;
SET time_zone = "+00:00";


/*!40101 SET @OLD_CHARACTER_SET_CLIENT=@@CHARACTER_SET_CLIENT */;
/*!40101 SET @OLD_CHARACTER_SET_RESULTS=@@CHARACTER_SET_RESULTS */;
/*!40101 SET @OLD_COLLATION_CONNECTION=@@COLLATION_CONNECTION */;
/*!40101 SET NAMES utf8mb4 */;

--
-- Database: `db_instansi`
--

-- --------------------------------------------------------

--
-- Struktur dari tabel `m_data`
--

CREATE TABLE `m_data` (
  `m_data_id` int(1) NOT NULL,
  `m_data_instansi` varchar(128) NOT NULL,
  `m_data_wil` varchar(50) NOT NULL,
  `m_data_prov` varchar(50) NOT NULL,
  `m_data_kab` varchar(50) NOT NULL,
  `m_data_alamat` varchar(128) NOT NULL,
  `date_created` timestamp NOT NULL DEFAULT current_timestamp() ON UPDATE current_timestamp()
) ENGINE=InnoDB DEFAULT CHARSET=utf8mb4;

-- --------------------------------------------------------

--
-- Struktur dari tabel `m_kabupaten`
--

CREATE TABLE `m_kabupaten` (
  `id_kab` char(4) NOT NULL,
  `id_prov` char(2) NOT NULL,
  `kab_nama` tinytext NOT NULL,
  `id_jenis` int(11) NOT NULL
) ENGINE=InnoDB DEFAULT CHARSET=latin1 ROW_FORMAT=COMPACT;

--
-- Dumping data untuk tabel `m_kabupaten`
--

INSERT INTO `m_kabupaten` (`id_kab`, `id_prov`, `kab_nama`, `id_jenis`) VALUES
('1101', '11', 'Kab. Aceh Selatan', 1),
('1102', '11', 'Kab. Aceh Tenggara', 1),
('1103', '11', 'Kab. Aceh Timur', 1),
('1104', '11', 'Kab. Aceh Tengah', 1),
('1105', '11', 'Kab. Aceh Barat', 1),
('1106', '11', 'Kab. Aceh Besar', 1),
('1107', '11', 'Kab. Pidie', 1),
('1108', '11', 'Kab. Aceh Utara', 1),
('1109', '11', 'Kab. Simeulue', 1),
('1110', '11', 'Kab. Aceh Singkil', 1),
('1111', '11', 'Kab. Bireuen', 1),
('1112', '11', 'Kab. Aceh Barat Daya', 1),
('1113', '11', 'Kab. Gayo Lues', 1),
('1114', '11', 'Kab. Aceh Jaya', 1),
('1115', '11', 'Kab. Nagan Raya', 1),
('1116', '11', 'Kab. Aceh Tamiang', 1),
('1117', '11', 'Kab. Bener Meriah', 1),
('1118', '11', 'Kab. Pidie Jaya', 1),
('1171', '11', 'Kota Banda Aceh', 2),
('1172', '11', 'Kota Sabang', 2),
('1173', '11', 'Kota Lhokseumawe', 2),
('1174', '11', 'Kota Langsa', 2),
('1175', '11', 'Kota Subulussalam', 2),
('1201', '12', 'Kab. Tapanuli Tengah', 1),
('1202', '12', 'Kab. Tapanuli Utara', 1),
('1203', '12', 'Kab. Tapanuli Selatan', 1),
('1204', '12', 'Kab. Nias', 1),
('1205', '12', 'Kab. Langkat', 1),
('1206', '12', 'Kab. Karo', 1),
('1207', '12', 'Kab. Deli Serdang', 1),
('1208', '12', 'Kab. Simalungun', 1),
('1209', '12', 'Kab. Asahan', 1),
('1210', '12', 'Kab. Labuhanbatu', 1),
('1211', '12', 'Kab. Dairi', 1),
('1212', '12', 'Kab. Toba Samosir', 1),
('1213', '12', 'Kab. Mandailing Natal', 1),
('1214', '12', 'Kab. Nias Selatan', 1),
('1215', '12', 'Kab. Pakpak Bharat', 1),
('1216', '12', 'Kab. Humbang Hasundutan', 1),
('1217', '12', 'Kab. Samosir', 1),
('1218', '12', 'Kab. Serdang Bedagai', 1),
('1219', '12', 'Kab. Batu Bara', 1),
('1220', '12', 'Kab. Padang Lawas Utara', 1),
('1221', '12', 'Kab. Padang Lawas', 1),
('1222', '12', 'Kab. Labuhanbatu Selatan', 1),
('1223', '12', 'Kab. Labuhanbatu Utara', 1),
('1224', '12', 'Kab. Nias Utara', 1),
('1225', '12', 'Kab. Nias Barat', 1),
('1271', '12', 'Kota Medan', 2),
('1272', '12', 'Kota Pematang Siantar', 2),
('1273', '12', 'Kota Sibolga', 2),
('1274', '12', 'Kota Tanjung Balai', 2),
('1275', '12', 'Kota Binjai', 2),
('1276', '12', 'Kota Tebing Tinggi', 2),
('1277', '12', 'Kota Padangsidimpuan', 2),
('1278', '12', 'Kota Gunungsitoli', 2),
('1301', '13', 'Kab. Pesisir Selatan', 1),
('1302', '13', 'Kab. Solok', 1),
('1303', '13', 'Kab. Sijunjung', 1),
('1304', '13', 'Kab. Tanah Datar', 1),
('1305', '13', 'Kab. Padang Pariaman', 1),
('1306', '13', 'Kab. Agam', 1),
('1307', '13', 'Kab. Lima Puluh Kota', 1),
('1308', '13', 'Kab. Pasaman', 1),
('1309', '13', 'Kab. Kepulauan Mentawai', 1),
('1310', '13', 'Kab. Dharmasraya', 1),
('1311', '13', 'Kab. Solok Selatan', 1),
('1312', '13', 'Kab. Pasaman Barat', 1),
('1371', '13', 'Kota Padang', 2),
('1372', '13', 'Kota Solok', 2),
('1373', '13', 'Kota Sawahlunto', 2),
('1374', '13', 'Kota Padang Panjang', 2),
('1375', '13', 'Kota Bukittinggi', 2),
('1376', '13', 'Kota Payakumbuh', 2),
('1377', '13', 'Kota Pariaman', 2),
('1401', '14', 'Kab. Kampar', 1),
('1402', '14', 'Kab. Indragiri Hulu', 1),
('1403', '14', 'Kab. Bengkalis', 1),
('1404', '14', 'Kab. Indragiri Hilir', 1),
('1405', '14', 'Kab. Pelalawan', 1),
('1406', '14', 'Kab. Rokan Hulu', 1),
('1407', '14', 'Kab. Rokan Hilir', 1),
('1408', '14', 'Kab. Siak', 1),
('1409', '14', 'Kab. Kuantan Singingi', 1),
('1410', '14', 'Kab. Kepulauan Meranti', 1),
('1471', '14', 'Kota Pekanbaru', 2),
('1472', '14', 'Kota Dumai', 2),
('1501', '15', 'Kab. Kerinci', 1),
('1502', '15', 'Kab. Merangin', 1),
('1503', '15', 'Kab. Sarolangun', 1),
('1504', '15', 'Kab. Batanghari', 1),
('1505', '15', 'Kab. Muaro Jambi', 1),
('1506', '15', 'Kab. Tanjung Jabung Barat', 1),
('1507', '15', 'Kab. Tanjung Jabung Timur', 1),
('1508', '15', 'Kab. Bungo', 1),
('1509', '15', 'Kab. Tebo', 1),
('1571', '15', 'Kota Jambi', 2),
('1572', '15', 'Kota Sungai Penuh', 2),
('1601', '16', 'Kab. Ogan Komering Ulu', 1),
('1602', '16', 'Kab. Ogan Komering Ilir', 1),
('1603', '16', 'Kab. Muara Enim', 1),
('1604', '16', 'Kab. Lahat', 1),
('1605', '16', 'Kab. Musi Rawas', 1),
('1606', '16', 'Kab. Musi Banyuasin', 1),
('1607', '16', 'Kab. Banyuasin', 1),
('1608', '16', 'Kab. Ogan Komering Ulu Timur', 1),
('1609', '16', 'Kab. Ogan Komering Ulu Selatan', 1),
('1610', '16', 'Kab. Ogan Ilir', 1),
('1611', '16', 'Kab. Empat Lawang', 1),
('1612', '16', 'Kab. Penukal Abab Lematang Ilir', 1),
('1613', '16', 'Kab. Musi Rawas Utara', 1),
('1671', '16', 'Kota Palembang', 2),
('1672', '16', 'Kota Pagar Alam', 2),
('1673', '16', 'Kota Lubuk Linggau', 2),
('1674', '16', 'Kota Prabumulih', 2),
('1701', '17', 'Kab. Bengkulu Selatan', 1),
('1702', '17', 'Kab. Rejang Lebong', 1),
('1703', '17', 'Kab. Bengkulu Utara', 1),
('1704', '17', 'Kab. Kaur', 1),
('1705', '17', 'Kab. Seluma', 1),
('1706', '17', 'Kab. Muko Muko', 1),
('1707', '17', 'Kab. Lebong', 1),
('1708', '17', 'Kab. Kepahiang', 1),
('1709', '17', 'Kab. Bengkulu Tengah', 1),
('1771', '17', 'Kota Bengkulu', 2),
('1801', '18', 'Kab. Lampung Selatan', 1),
('1802', '18', 'Kab. Lampung Tengah', 1),
('1803', '18', 'Kab. Lampung Utara', 1),
('1804', '18', 'Kab. Lampung Barat', 1),
('1805', '18', 'Kab. Tulang Bawang', 1),
('1806', '18', 'Kab. Tanggamus', 1),
('1807', '18', 'Kab. Lampung Timur', 1),
('1808', '18', 'Kab. Way Kanan', 1),
('1809', '18', 'Kab. Pesawaran', 1),
('1810', '18', 'Kab. Pringsewu', 1),
('1811', '18', 'Kab. Mesuji', 1),
('1812', '18', 'Kab. Tulang Bawang Barat', 1),
('1813', '18', 'Kab. Pesisir Barat', 1),
('1871', '18', 'Kota Bandar Lampung', 2),
('1872', '18', 'Kota Metro', 2),
('1901', '19', 'Kab. Bangka', 1),
('1902', '19', 'Kab. Belitung', 1),
('1903', '19', 'Kab. Bangka Selatan', 1),
('1904', '19', 'Kab. Bangka Tengah', 1),
('1905', '19', 'Kab. Bangka Barat', 1),
('1906', '19', 'Kab. Belitung Timur', 1),
('1971', '19', 'Kota Pangkal Pinang', 2),
('2101', '21', 'Kab. Bintan', 1),
('2102', '21', 'Kab. Karimun', 1),
('2103', '21', 'Kab. Natuna', 1),
('2104', '21', 'Kab. Lingga', 1),
('2105', '21', 'Kab. Kepulauan Anambas', 1),
('2171', '21', 'Kota Batam', 2),
('2172', '21', 'Kota Tanjung Pinang', 2),
('3101', '31', 'Kab. Adm. Kep. Seribu', 1),
('3171', '31', 'Kota Adm. Jakarta Pusat', 2),
('3172', '31', 'Kota Adm. Jakarta Utara', 2),
('3173', '31', 'Kota Adm. Jakarta Barat', 2),
('3174', '31', 'Kota Adm. Jakarta Selatan', 2),
('3175', '31', 'Kota Adm. Jakarta Timur', 2),
('3201', '32', 'Kab. Bogor', 1),
('3202', '32', 'Kab. Sukabumi', 1),
('3203', '32', 'Kab. Cianjur', 1),
('3204', '32', 'Kab. Bandung', 1),
('3205', '32', 'Kab. Garut', 1),
('3206', '32', 'Kab. Tasikmalaya', 1),
('3207', '32', 'Kab. Ciamis', 1),
('3208', '32', 'Kab. Kuningan', 1),
('3209', '32', 'Kab. Cirebon', 1),
('3210', '32', 'Kab. Majalengka', 1),
('3211', '32', 'Kab. Sumedang', 1),
('3212', '32', 'Kab. Indramayu', 1),
('3213', '32', 'Kab. Subang', 1),
('3214', '32', 'Kab. Purwakarta', 1),
('3215', '32', 'Kab. Karawang', 1),
('3216', '32', 'Kab. Bekasi', 1),
('3217', '32', 'Kab. Bandung Barat', 1),
('3218', '32', 'Kab. Pangandaran', 1),
('3271', '32', 'Kota Bogor', 2),
('3272', '32', 'Kota Sukabumi', 2),
('3273', '32', 'Kota Bandung', 2),
('3274', '32', 'Kota Cirebon', 2),
('3275', '32', 'Kota Bekasi', 2),
('3276', '32', 'Kota Depok', 2),
('3277', '32', 'Kota Cimahi', 2),
('3278', '32', 'Kota Tasikmalaya', 2),
('3279', '32', 'Kota Banjar', 2),
('3301', '33', 'Kab. Cilacap', 1),
('3302', '33', 'Kab. Banyumas', 1),
('3303', '33', 'Kab. Purbalingga', 1),
('3304', '33', 'Kab. Banjarnegara', 1),
('3305', '33', 'Kab. Kebumen', 1),
('3306', '33', 'Kab. Purworejo', 1),
('3307', '33', 'Kab. Wonosobo', 1),
('3308', '33', 'Kab. Magelang', 1),
('3309', '33', 'Kab. Boyolali', 1),
('3310', '33', 'Kab. Klaten', 1),
('3311', '33', 'Kab. Sukoharjo', 1),
('3312', '33', 'Kab. Wonogiri', 1),
('3313', '33', 'Kab. Karanganyar', 1),
('3314', '33', 'Kab. Sragen', 1),
('3315', '33', 'Kab. Grobogan', 1),
('3316', '33', 'Kab. Blora', 1),
('3317', '33', 'Kab. Rembang', 1),
('3318', '33', 'Kab. Pati', 1),
('3319', '33', 'Kab. Kudus', 1),
('3320', '33', 'Kab. Jepara', 1),
('3321', '33', 'Kab. Demak', 1),
('3322', '33', 'Kab. Semarang', 1),
('3323', '33', 'Kab. Temanggung', 1),
('3324', '33', 'Kab. Kendal', 1),
('3325', '33', 'Kab. Batang', 1),
('3326', '33', 'Kab. Pekalongan', 1),
('3327', '33', 'Kab. Pemalang', 1),
('3328', '33', 'Kab. Tegal', 1),
('3329', '33', 'Kab. Brebes', 1),
('3371', '33', 'Kota Magelang', 2),
('3372', '33', 'Kota Surakarta', 2),
('3373', '33', 'Kota Salatiga', 2),
('3374', '33', 'Kota Semarang', 2),
('3375', '33', 'Kota Pekalongan', 2),
('3376', '33', 'Kota Tegal', 2),
('3401', '34', 'Kab. Kulon Progo', 1),
('3402', '34', 'Kab. Bantul', 1),
('3403', '34', 'Kab. Gunung Kidul', 1),
('3404', '34', 'Kab. Sleman', 1),
('3471', '34', 'Kota Yogyakarta', 2),
('3501', '35', 'Kab. Pacitan', 1),
('3502', '35', 'Kab. Ponorogo', 1),
('3503', '35', 'Kab. Trenggalek', 1),
('3504', '35', 'Kab. Tulungagung', 1),
('3505', '35', 'Kab. Blitar', 1),
('3506', '35', 'Kab. Kediri', 1),
('3507', '35', 'Kab. Malang', 1),
('3508', '35', 'Kab. Lumajang', 1),
('3509', '35', 'Kab. Jember', 1),
('3510', '35', 'Kab. Banyuwangi', 1),
('3511', '35', 'Kab. Bondowoso', 1),
('3512', '35', 'Kab. Situbondo', 1),
('3513', '35', 'Kab. Probolinggo', 1),
('3514', '35', 'Kab. Pasuruan', 1),
('3515', '35', 'Kab. Sidoarjo', 1),
('3516', '35', 'Kab. Mojokerto', 1),
('3517', '35', 'Kab. Jombang', 1),
('3518', '35', 'Kab. Nganjuk', 1),
('3519', '35', 'Kab. Madiun', 1),
('3520', '35', 'Kab. Magetan', 1),
('3521', '35', 'Kab. Ngawi', 1),
('3522', '35', 'Kab. Bojonegoro', 1),
('3523', '35', 'Kab. Tuban', 1),
('3524', '35', 'Kab. Lamongan', 1),
('3525', '35', 'Kab. Gresik', 1),
('3526', '35', 'Kab. Bangkalan', 1),
('3527', '35', 'Kab. Sampang', 1),
('3528', '35', 'Kab. Pamekasan', 1),
('3529', '35', 'Kab. Sumenep', 1),
('3571', '35', 'Kota Kediri', 2),
('3572', '35', 'Kota Blitar', 2),
('3573', '35', 'Kota Malang', 2),
('3574', '35', 'Kota Probolinggo', 2),
('3575', '35', 'Kota Pasuruan', 2),
('3576', '35', 'Kota Mojokerto', 2),
('3577', '35', 'Kota Madiun', 2),
('3578', '35', 'Kota Surabaya', 2),
('3579', '35', 'Kota Batu', 2),
('3601', '36', 'Kab. Pandeglang', 1),
('3602', '36', 'Kab. Lebak', 1),
('3603', '36', 'Kab. Tangerang', 1),
('3604', '36', 'Kab. Serang', 1),
('3671', '36', 'Kota Tangerang', 2),
('3672', '36', 'Kota Cilegon', 2),
('3673', '36', 'Kota Serang', 2),
('3674', '36', 'Kota Tangerang Selatan', 2),
('5101', '51', 'Kab. Jembrana', 1),
('5102', '51', 'Kab. Tabanan', 1),
('5103', '51', 'Kab. Badung', 1),
('5104', '51', 'Kab. Gianyar', 1),
('5105', '51', 'Kab. Klungkung', 1),
('5106', '51', 'Kab. Bangli', 1),
('5107', '51', 'Kab. Karangasem', 1),
('5108', '51', 'Kab. Buleleng', 1),
('5171', '51', 'Kota Denpasar', 2),
('5201', '52', 'Kab. Lombok Barat', 1),
('5202', '52', 'Kab. Lombok Tengah', 1),
('5203', '52', 'Kab. Lombok Timur', 1),
('5204', '52', 'Kab. Sumbawa', 1),
('5205', '52', 'Kab. Dompu', 1),
('5206', '52', 'Kab. Bima', 1),
('5207', '52', 'Kab. Sumbawa Barat', 1),
('5208', '52', 'Kab. Lombok Utara', 1),
('5271', '52', 'Kota Mataram', 2),
('5272', '52', 'Kota Bima', 2),
('5301', '53', 'Kab. Kupang', 1),
('5302', '53', 'Kab Timor Tengah Selatan', 1),
('5303', '53', 'Kab. Timor Tengah Utara', 1),
('5304', '53', 'Kab. Belu', 1),
('5305', '53', 'Kab. Alor', 1),
('5306', '53', 'Kab. Flores Timur', 1),
('5307', '53', 'Kab. Sikka', 1),
('5308', '53', 'Kab. Ende', 1),
('5309', '53', 'Kab. Ngada', 1),
('5310', '53', 'Kab. Manggarai', 1),
('5311', '53', 'Kab. Sumba Timur', 1),
('5312', '53', 'Kab. Sumba Barat', 1),
('5313', '53', 'Kab. Lembata', 1),
('5314', '53', 'Kab. Rote Ndao', 1),
('5315', '53', 'Kab. Manggarai Barat', 1),
('5316', '53', 'Kab. Nagekeo', 1),
('5317', '53', 'Kab. Sumba Tengah', 1),
('5318', '53', 'Kab. Sumba Barat Daya', 1),
('5319', '53', 'Kab. Manggarai Timur', 1),
('5320', '53', 'Kab. Sabu Raijua', 1),
('5321', '53', 'Kab. Malaka', 1),
('5371', '53', 'Kota Kupang', 2),
('6101', '61', 'Kab. Sambas', 1),
('6102', '61', 'Kab. Mempawah', 1),
('6103', '61', 'Kab. Sanggau', 1),
('6104', '61', 'Kab. Ketapang', 1),
('6105', '61', 'Kab. Sintang', 1),
('6106', '61', 'Kab. Kapuas Hulu', 1),
('6107', '61', 'Kab. Bengkayang', 1),
('6108', '61', 'Kab. Landak', 1),
('6109', '61', 'Kab. Sekadau', 1),
('6110', '61', 'Kab. Melawi', 1),
('6111', '61', 'Kab. Kayong Utara', 1),
('6112', '61', 'Kab. Kubu Raya', 1),
('6171', '61', 'Kota Pontianak', 2),
('6172', '61', 'Kota Singkawang', 2),
('6201', '62', 'Kab. Kotawaringin Barat', 1),
('6202', '62', 'Kab. Kotawaringin Timur', 1),
('6203', '62', 'Kab. Kapuas', 1),
('6204', '62', 'Kab. Barito Selatan', 1),
('6205', '62', 'Kab. Barito Utara', 1),
('6206', '62', 'Kab. Katingan', 1),
('6207', '62', 'Kab. Seruyan', 1),
('6208', '62', 'Kab. Sukamara', 1),
('6209', '62', 'Kab. Lamandau', 1),
('6210', '62', 'Kab. Gunung Mas', 1),
('6211', '62', 'Kab. Pulang Pisau', 1),
('6212', '62', 'Kab. Murung Raya', 1),
('6213', '62', 'Kab. Barito Timur', 1),
('6271', '62', 'Kota Palangkaraya', 2),
('6301', '63', 'Kab. Tanah Laut', 1),
('6302', '63', 'Kab. Kotabaru', 1),
('6303', '63', 'Kab. Banjar', 1),
('6304', '63', 'Kab. Barito Kuala', 1),
('6305', '63', 'Kab. Tapin', 1),
('6306', '63', 'Kab. Hulu Sungai Selatan', 1),
('6307', '63', 'Kab. Hulu Sungai Tengah', 1),
('6308', '63', 'Kab. Hulu Sungai Utara', 1),
('6309', '63', 'Kab. Tabalong', 1),
('6310', '63', 'Kab. Tanah Bumbu', 1),
('6311', '63', 'Kab. Balangan', 1),
('6371', '63', 'Kota Banjarmasin', 2),
('6372', '63', 'Kota Banjarbaru', 2),
('6401', '64', 'Kab. Paser', 1),
('6402', '64', 'Kab. Kutai Kartanegara', 1),
('6403', '64', 'Kab. Berau', 1),
('6407', '64', 'Kab. Kutai Barat', 1),
('6408', '64', 'Kab. Kutai Timur', 1),
('6409', '64', 'Kab. Penajam Paser Utara', 1),
('6411', '64', 'Kab. Mahakam Ulu', 1),
('6471', '64', 'Kota Balikpapan', 2),
('6472', '64', 'Kota Samarinda', 2),
('6474', '64', 'Kota Bontang', 2),
('6501', '65', 'Kab. Bulungan', 1),
('6502', '65', 'Kab. Malinau', 1),
('6503', '65', 'Kab. Nunukan', 1),
('6504', '65', 'Kab. Tana Tidung', 1),
('6571', '65', 'Kota Tarakan', 2),
('7101', '71', 'Kab. Bolaang Mongondow', 1),
('7102', '71', 'Kab. Minahasa', 1),
('7103', '71', 'Kab. Kepulauan Sangihe', 1),
('7104', '71', 'Kab. Kepulauan Talaud', 1),
('7105', '71', 'Kab. Minahasa Selatan', 1),
('7106', '71', 'Kab. Minahasa Utara', 1),
('7107', '71', 'Kab. Minahasa Tenggara', 1),
('7108', '71', 'Kab. Bolaang Mongondow Utara', 1),
('7109', '71', 'Kab. Kep. Siau Tagulandang Biaro', 1),
('7110', '71', 'Kab. Bolaang Mongondow Timur', 1),
('7111', '71', 'Kab. Bolaang Mongondow Selatan', 1),
('7171', '71', 'Kota Manado', 2),
('7172', '71', 'Kota Bitung', 2),
('7173', '71', 'Kota Tomohon', 2),
('7174', '71', 'Kota Kotamobagu', 2),
('7201', '72', 'Kab. Banggai', 1),
('7202', '72', 'Kab. Poso', 1),
('7203', '72', 'Kab. Donggala', 1),
('7204', '72', 'Kab. Toli Toli', 1),
('7205', '72', 'Kab. Buol', 1),
('7206', '72', 'Kab. Morowali', 1),
('7207', '72', 'Kab. Banggai Kepulauan', 1),
('7208', '72', 'Kab. Parigi Moutong', 1),
('7209', '72', 'Kab. Tojo Una Una', 1),
('7210', '72', 'Kab. Sigi', 1),
('7211', '72', 'Kab. Banggai Laut', 1),
('7212', '72', 'Kab. Morowali Utara', 1),
('7271', '72', 'Kota Palu', 2),
('7301', '73', 'Kab. Kepulauan Selayar', 1),
('7302', '73', 'Kab. Bulukumba', 1),
('7303', '73', 'Kab. Bantaeng', 1),
('7304', '73', 'Kab. Jeneponto', 1),
('7305', '73', 'Kab. Takalar', 1),
('7306', '73', 'Kab. Gowa', 1),
('7307', '73', 'Kab. Sinjai', 1),
('7308', '73', 'Kab. Bone', 1),
('7309', '73', 'Kab. Maros', 1),
('7310', '73', 'Kab. Pangkajene Kepulauan', 1),
('7311', '73', 'Kab. Barru', 1),
('7312', '73', 'Kab. Soppeng', 1),
('7313', '73', 'Kab. Wajo', 1),
('7314', '73', 'Kab. Sidenreng Rappang', 1),
('7315', '73', 'Kab. Pinrang', 1),
('7316', '73', 'Kab. Enrekang', 1),
('7317', '73', 'Kab. Luwu', 1),
('7318', '73', 'Kab. Tana Toraja', 1),
('7322', '73', 'Kab. Luwu Utara', 1),
('7324', '73', 'Kab. Luwu Timur', 1),
('7326', '73', 'Kab. Toraja Utara', 1),
('7371', '73', 'Kota Makassar', 2),
('7372', '73', 'Kota Pare Pare', 2),
('7373', '73', 'Kota Palopo', 2),
('7401', '74', 'Kab. Kolaka', 1),
('7402', '74', 'Kab. Konawe', 1),
('7403', '74', 'Kab. Muna', 1),
('7404', '74', 'Kab. Buton', 1),
('7405', '74', 'Kab. Konawe Selatan', 1),
('7406', '74', 'Kab. Bombana', 1),
('7407', '74', 'Kab. Wakatobi', 1),
('7408', '74', 'Kab. Kolaka Utara', 1),
('7409', '74', 'Kab. Konawe Utara', 1),
('7410', '74', 'Kab. Buton Utara', 1),
('7411', '74', 'Kab. Kolaka Timur', 1),
('7412', '74', 'Kab. Konawe Kepulauan', 1),
('7413', '74', 'Kab. Muna Barat', 1),
('7414', '74', 'Kab. Buton Tengah', 1),
('7415', '74', 'Kab. Buton Selatan', 1),
('7471', '74', 'Kota Kendari', 2),
('7472', '74', 'Kota Bau Bau', 2),
('7501', '75', 'Kab. Gorontalo', 1),
('7502', '75', 'Kab. Boalemo', 1),
('7503', '75', 'Kab. Bone Bolango', 1),
('7504', '75', 'Kab. Pahuwato', 1),
('7505', '75', 'Kab. Gorontalo Utara', 1),
('7571', '75', 'Kota Gorontalo', 2),
('7601', '76', 'Kab. Mamuju Utara', 1),
('7602', '76', 'Kab. Mamuju', 1),
('7603', '76', 'Kab. Mamasa', 1),
('7604', '76', 'Kab. Polewali Mandar', 1),
('7605', '76', 'Kab. Majene', 1),
('7606', '76', 'Kab. Mamuju Tengah', 1),
('8101', '81', 'Kab. Maluku Tengah', 1),
('8102', '81', 'Kab. Maluku Tenggara', 1),
('8103', '81', 'Kab Maluku Tenggara Barat', 1),
('8104', '81', 'Kab. Buru', 1),
('8105', '81', 'Kab. Seram Bagian Timur', 1),
('8106', '81', 'Kab. Seram Bagian Barat', 1),
('8107', '81', 'Kab. Kepulauan Aru', 1),
('8108', '81', 'Kab. Maluku Barat Daya', 1),
('8109', '81', 'Kab. Buru Selatan', 1),
('8171', '81', 'Kota Ambon', 2),
('8172', '81', 'Kota Tual', 2),
('8201', '82', 'Kab. Halmahera Barat', 1),
('8202', '82', 'Kab. Halmahera Tengah', 1),
('8203', '82', 'Kab. Halmahera Utara', 1),
('8204', '82', 'Kab. Halmahera Selatan', 1),
('8205', '82', 'Kab. Kepulauan Sula', 1),
('8206', '82', 'Kab. Halmahera Timur', 1),
('8207', '82', 'Kab. Pulau Morotai', 1),
('8208', '82', 'Kab. Pulau Taliabu', 1),
('8271', '82', 'Kota Ternate', 2),
('8272', '82', 'Kota Tidore Kepulauan', 2),
('9101', '91', 'Kab. Merauke', 1),
('9102', '91', 'Kab. Jayawijaya', 1),
('9103', '91', 'Kab. Jayapura', 1),
('9104', '91', 'Kab. Nabire', 1),
('9105', '91', 'Kab. Kepulauan Yapen', 1),
('9106', '91', 'Kab. Biak Numfor', 1),
('9107', '91', 'Kab. Puncak Jaya', 1),
('9108', '91', 'Kab. Paniai', 1),
('9109', '91', 'Kab. Mimika', 1),
('9110', '91', 'Kab. Sarmi', 1),
('9111', '91', 'Kab. Keerom', 1),
('9112', '91', 'Kab Pegunungan Bintang', 1),
('9113', '91', 'Kab. Yahukimo', 1),
('9114', '91', 'Kab. Tolikara', 1),
('9115', '91', 'Kab. Waropen', 1),
('9116', '91', 'Kab. Boven Digoel', 1),
('9117', '91', 'Kab. Mappi', 1),
('9118', '91', 'Kab. Asmat', 1),
('9119', '91', 'Kab. Supiori', 1),
('9120', '91', 'Kab. Mamberamo Raya', 1),
('9121', '91', 'Kab. Mamberamo Tengah', 1),
('9122', '91', 'Kab. Yalimo', 1),
('9123', '91', 'Kab. Lanny Jaya', 1),
('9124', '91', 'Kab. Nduga', 1),
('9125', '91', 'Kab. Puncak', 1),
('9126', '91', 'Kab. Dogiyai', 1),
('9127', '91', 'Kab. Intan Jaya', 1),
('9128', '91', 'Kab. Deiyai', 1),
('9171', '91', 'Kota Jayapura', 2),
('9201', '92', 'Kab. Sorong', 1),
('9202', '92', 'Kab. Manokwari', 1),
('9203', '92', 'Kab. Fak Fak', 1),
('9204', '92', 'Kab. Sorong Selatan', 1),
('9205', '92', 'Kab. Raja Ampat', 1),
('9206', '92', 'Kab. Teluk Bintuni', 1),
('9207', '92', 'Kab. Teluk Wondama', 1),
('9208', '92', 'Kab. Kaimana', 1),
('9209', '92', 'Kab. Tambrauw', 1),
('9210', '92', 'Kab. Maybrat', 1),
('9211', '92', 'Kab. Manokwari Selatan', 1),
('9212', '92', 'Kab. Pegunungan Arfak', 1),
('9271', '92', 'Kota Sorong', 2),
('id_k', 'id', 'nama', 0);

-- --------------------------------------------------------

--
-- Struktur dari tabel `m_provinsi`
--

CREATE TABLE `m_provinsi` (
  `id_prov` char(2) NOT NULL,
  `prov_nama` tinytext NOT NULL,
  `wilayah_id` int(10) UNSIGNED NOT NULL
) ENGINE=InnoDB DEFAULT CHARSET=latin1 ROW_FORMAT=COMPACT;

--
-- Dumping data untuk tabel `m_provinsi`
--

INSERT INTO `m_provinsi` (`id_prov`, `prov_nama`, `wilayah_id`) VALUES
('11', 'Aceh', 1),
('12', 'Sumatera Utara', 1),
('13', 'Sumatera Barat', 1),
('14', 'Riau', 1),
('15', 'Jambi', 1),
('16', 'Sumatera Selatan', 1),
('17', 'Bengkulu', 1),
('18', 'Lampung', 1),
('19', 'Kepulauan Bangka Belitung', 1),
('21', 'Kepulauan Riau', 1),
('31', 'DKI Jakarta', 2),
('32', 'Jawa Barat', 2),
('33', 'Jawa Tengah', 2),
('34', 'DI Yogyakarta', 2),
('35', 'Jawa Timur', 2),
('36', 'Banten', 2),
('51', 'Bali', 3),
('52', 'Nusa Tenggara Barat', 3),
('53', 'Nusa Tenggara Timur', 3),
('61', 'Kalimantan Barat', 7),
('62', 'Kalimantan Tengah', 7),
('63', 'Kalimantan Selatan', 7),
('64', 'Kalimantan Timur', 7),
('65', 'Kalimantan Utara', 7),
('71', 'Sulawesi Utara', 5),
('72', 'Sulawesi Tengah', 5),
('73', 'Sulawesi Selatan', 5),
('74', 'Sulawesi Tenggara', 5),
('75', 'Gorontalo', 5),
('76', 'Sulawesi Barat', 5),
('81', 'Maluku', 4),
('82', 'Maluku Utara', 4),
('91', 'Papua Barat', 6),
('92', 'Papua', 6);

-- --------------------------------------------------------

--
-- Struktur dari tabel `m_wilayah`
--

CREATE TABLE `m_wilayah` (
  `wilayah_id` int(11) NOT NULL,
  `wilayah_nama` varchar(50) NOT NULL,
  `wil_marketi_id` int(10) UNSIGNED NOT NULL
) ENGINE=InnoDB DEFAULT CHARSET=utf8mb4;

--
-- Dumping data untuk tabel `m_wilayah`
--

INSERT INTO `m_wilayah` (`wilayah_id`, `wilayah_nama`, `wil_marketi_id`) VALUES
(1, 'Sumatera', 1),
(2, 'Jawa', 1),
(3, 'Nusa', 2),
(4, 'Maluku', 2),
(5, 'Sulawesi', 3),
(6, 'Papua Barat', 4),
(7, 'Kalimantan', 1);

--
-- Indexes for dumped tables
--

--
-- Indeks untuk tabel `m_data`
--
ALTER TABLE `m_data`
  ADD PRIMARY KEY (`m_data_id`);

--
-- AUTO_INCREMENT untuk tabel yang dibuang
--

--
-- AUTO_INCREMENT untuk tabel `m_data`
--
ALTER TABLE `m_data`
  MODIFY `m_data_id` int(1) NOT NULL AUTO_INCREMENT;
COMMIT;

/*!40101 SET CHARACTER_SET_CLIENT=@OLD_CHARACTER_SET_CLIENT */;
/*!40101 SET CHARACTER_SET_RESULTS=@OLD_CHARACTER_SET_RESULTS */;
/*!40101 SET COLLATION_CONNECTION=@OLD_COLLATION_CONNECTION */;
